Low_d_(mm),High_d_(mm)
0.00050,0.00149
0.00149,0.00249
0.00249,0.00349
0.00349,0.00449
0.00449,0.00549
0.00549,0.00649
0.00649,0.00749
0.00749,0.00849
0.00849,0.00949
0.00949,0.01049
0.01049,0.01149
0.01149,0.01249
0.01249,0.01349
0.01349,0.01449
0.01449,0.01549
0.01549,0.01649
0.01649,0.01749
0.01749,0.01849
0.01849,0.01949
0.01949,0.02049
0.02049,0.02149
0.02149,0.02249
0.02249,0.02349
0.02349,0.02449
0.02449,0.02549
0.02549,0.02649
0.02649,0.02749
0.02749,0.02849
0.02849,0.02949
0.02949,0.03049
0.03049,0.03149
0.03149,0.03249
0.03249,0.03349
0.03349,0.03449
0.03449,0.03549
0.03549,0.03649
0.03649,0.03749
0.03749,0.03849
0.03849,0.03949
0.03949,0.04049
0.04049,0.04149
0.04149,0.04249
0.04249,0.04349
0.04349,0.04449
0.04449,0.04549
0.04549,0.04649
0.04649,0.04749
0.04749,0.04849
0.04849,0.04949
0.04949,0.05049
0.05049,0.05149
0.05149,0.05249
0.05249,0.05349
0.05349,0.05449
0.05449,0.05549
0.05549,0.05649
0.05649,0.05749
0.05749,0.05849
0.05849,0.05949
0.05949,0.06049
0.06049,0.06149
0.06149,0.06249
0.06249,0.06349
0.06349,0.06449
0.06449,0.06549
0.06549,0.06649
0.06649,0.06749
0.06749,0.06849
0.06849,0.06949
0.06949,0.07049
0.07049,0.07149
0.07149,0.07249
0.07249,0.07349
0.07349,0.07449
0.07449,0.07549
0.07549,0.07649
0.07649,0.07749
0.07749,0.07849
0.07849,0.07949
0.07949,0.08049
0.08049,0.08149
0.08149,0.08249
0.08249,0.08349
0.08349,0.08449
0.08449,0.08549
0.08549,0.08649
0.08649,0.08749
0.08749,0.08849
0.08849,0.08949
0.08949,0.09049
0.09049,0.09149
0.09149,0.09249
0.09249,0.09349
0.09349,0.09449
0.09449,0.09549
0.09549,0.09649
0.09649,0.09749
0.09749,0.09849
0.09849,0.09949
0.09949,0.10049
0.10049,0.10149
0.10149,0.10249
0.10249,0.10349
0.10349,0.10449
0.10449,0.10549
0.10549,0.10649
0.10649,0.10749
0.10749,0.10849
0.10849,0.10949
0.10949,0.11049
0.11049,0.11149
0.11149,0.11249
0.11249,0.11349
0.11349,0.11449
0.11449,0.11549
0.11549,0.11649
0.11649,0.11749
0.11749,0.11849
0.11849,0.11949
0.11949,0.12049
0.12049,0.12149
0.12149,0.12249
0.12249,0.12349
0.12349,0.12449
0.12449,0.12549
0.12549,0.12649
0.12649,0.12749
0.12749,0.12849
0.12849,0.12949
0.12949,0.13049
0.13049,0.13149
0.13149,0.13249
0.13249,0.13349
0.13349,0.13449
0.13449,0.13549
0.13549,0.13649
0.13649,0.13749
0.13749,0.13849
0.13849,0.13949
0.13949,0.14049
0.14049,0.14149
0.14149,0.14249
0.14249,0.14349
0.14349,0.14449
0.14449,0.14549
0.14549,0.14649
0.14649,0.14749
0.14749,0.14849
0.14849,0.14949
0.14949,0.15049
0.15049,0.15149
0.15149,0.15249
0.15249,0.15349
0.15349,0.15449
0.15449,0.15549
0.15549,0.15649
0.15649,0.15749
0.15749,0.15849
0.15849,0.15949
0.15949,0.16049
0.16049,0.16149
0.16149,0.16249
0.16249,0.16349
0.16349,0.16449
0.16449,0.16549
0.16549,0.16649
0.16649,0.16749
0.16749,0.16849
0.16849,0.16949
0.16949,0.17049
0.17049,0.17149
0.17149,0.17249
0.17249,0.17349
0.17349,0.17449
0.17449,0.17549
0.17549,0.17649
0.17649,0.17749
0.17749,0.17849
0.17849,0.17949
0.17949,0.18049
0.18049,0.18149
0.18149,0.18249
0.18249,0.18349
0.18349,0.18449
0.18449,0.18549
0.18549,0.18649
0.18649,0.18749
0.18749,0.18849
0.18849,0.18949
0.18949,0.19049
0.19049,0.19149
0.19149,0.19249
0.19249,0.19349
0.19349,0.19449
0.19449,0.19549
0.19549,0.19649
0.19649,0.19749
0.19749,0.19849
0.19849,0.19949
0.19949,0.20049
0.20049,0.20149
0.20149,0.20249
0.20249,0.20349
0.20349,0.20449
0.20449,0.20549
0.20549,0.20649
0.20649,0.20749
0.20749,0.20849
0.20849,0.20949
0.20949,0.21049
0.21049,0.21149
0.21149,0.21249
0.21249,0.21349
0.21349,0.21449
0.21449,0.21549
0.21549,0.21649
0.21649,0.21749
0.21749,0.21849
0.21849,0.21949
0.21949,0.22049
0.22049,0.22149
0.22149,0.22249
0.22249,0.22349
0.22349,0.22449
0.22449,0.22549
0.22549,0.22649
0.22649,0.22749
0.22749,0.22849
0.22849,0.22949
0.22949,0.23049
0.23049,0.23149
0.23149,0.23249
0.23249,0.23349
0.23349,0.23449
0.23449,0.23549
0.23549,0.23649
0.23649,0.23749
0.23749,0.23849
0.23849,0.23949
0.23949,0.24049
0.24049,0.24149
0.24149,0.24249
0.24249,0.24349
0.24349,0.24449
0.24449,0.24549
0.24549,0.24649
0.24649,0.24749
0.24749,0.24849
0.24849,0.24949
0.24949,0.25049
0.25049,0.25149
0.25149,0.25249
0.25249,0.25349
0.25349,0.25449
0.25449,0.25549
0.25549,0.25649
0.25649,0.25749
0.25749,0.25849
0.25849,0.25949
0.25949,0.26049
0.26049,0.26149
0.26149,0.26249
0.26249,0.26349
0.26349,0.26449
0.26449,0.26549
0.26549,0.26649
0.26649,0.26749
0.26749,0.26849
0.26849,0.26949
0.26949,0.27049
0.27049,0.27149
0.27149,0.27249
0.27249,0.27349
0.27349,0.27449
0.27449,0.27549
0.27549,0.27649
0.27649,0.27749
0.27749,0.27849
0.27849,0.27949
0.27949,0.28049
0.28049,0.28149
0.28149,0.28249
0.28249,0.28349
0.28349,0.28449
0.28449,0.28549
0.28549,0.28649
0.28649,0.28749
0.28749,0.28849
0.28849,0.28949
0.28949,0.29049
0.29049,0.29149
0.29149,0.29249
0.29249,0.29349
0.29349,0.29449
0.29449,0.29549
0.29549,0.29649
0.29649,0.29749
0.29749,0.29849
0.29849,0.29949
0.29949,0.30049
0.30049,0.30149
0.30149,0.30249
0.30249,0.30349
0.30349,0.30449
0.30449,0.30549
0.30549,0.30649
0.30649,0.30749
0.30749,0.30849
0.30849,0.30949
0.30949,0.31049
0.31049,0.31149
0.31149,0.31249
0.31249,0.31349
0.31349,0.31449
0.31449,0.31549
0.31549,0.31649
0.31649,0.31749
0.31749,0.31849
0.31849,0.31949
0.31949,0.32049
0.32049,0.32149
0.32149,0.32249
0.32249,0.32349
0.32349,0.32449
0.32449,0.32549
0.32549,0.32649
0.32649,0.32749
0.32749,0.32849
0.32849,0.32949
0.32949,0.33049
0.33049,0.33149
0.33149,0.33249
0.33249,0.33349
0.33349,0.33449
0.33449,0.33549
0.33549,0.33649
0.33649,0.33749
0.33749,0.33849
0.33849,0.33949
0.33949,0.34049
0.34049,0.34149
0.34149,0.34249
0.34249,0.34349
0.34349,0.34449
0.34449,0.34549
0.34549,0.34649
0.34649,0.34749
0.34749,0.34849
0.34849,0.34949
0.34949,0.35049
0.35049,0.35149
0.35149,0.35249
0.35249,0.35349
0.35349,0.35449
0.35449,0.35549
0.35549,0.35649
0.35649,0.35749
0.35749,0.35849
0.35849,0.35949
0.35949,0.36049
0.36049,0.36149
0.36149,0.36249
0.36249,0.36349
0.36349,0.36449
0.36449,0.36549
0.36549,0.36649
0.36649,0.36749
0.36749,0.36849
0.36849,0.36949
0.36949,0.37049
0.37049,0.37149
0.37149,0.37249
0.37249,0.37349
0.37349,0.37449
0.37449,0.37549
0.37549,0.37649
0.37649,0.37749
0.37749,0.37849
0.37849,0.37949
0.37949,0.38049
0.38049,0.38149
0.38149,0.38249
0.38249,0.38349
0.38349,0.38449
0.38449,0.38549
0.38549,0.38649
0.38649,0.38749
0.38749,0.38849
0.38849,0.38949
0.38949,0.39049
0.39049,0.39149
0.39149,0.39249
0.39249,0.39349
0.39349,0.39449
0.39449,0.39549
0.39549,0.39649
0.39649,0.39749
0.39749,0.39849
0.39849,0.39949
0.39949,0.40049
0.40049,0.40149
0.40149,0.40249
0.40249,0.40349
0.40349,0.40449
0.40449,0.40549
0.40549,0.40649
0.40649,0.40749
0.40749,0.40849
0.40849,0.40949
0.40949,0.41049
0.41049,0.41149
0.41149,0.41249
0.41249,0.41349
0.41349,0.41449
0.41449,0.41549
0.41549,0.41649
0.41649,0.41749
0.41749,0.41849
0.41849,0.41949
0.41949,0.42049
0.42049,0.42149
0.42149,0.42249
0.42249,0.42349
0.42349,0.42449
0.42449,0.42549
0.42549,0.42649
0.42649,0.42749
0.42749,0.42849
0.42849,0.42949
0.42949,0.43049
0.43049,0.43149
0.43149,0.43249
0.43249,0.43349
0.43349,0.43449
0.43449,0.43549
0.43549,0.43649
0.43649,0.43749
0.43749,0.43849
0.43849,0.43949
0.43949,0.44049
0.44049,0.44149
0.44149,0.44249
0.44249,0.44349
0.44349,0.44449
0.44449,0.44549
0.44549,0.44649
0.44649,0.44749
0.44749,0.44849
0.44849,0.44949
0.44949,0.45049
0.45049,0.45149
0.45149,0.45249
0.45249,0.45349
0.45349,0.45449
0.45449,0.45549
0.45549,0.45649
0.45649,0.45749
0.45749,0.45849
0.45849,0.45949
0.45949,0.46049
0.46049,0.46149
0.46149,0.46249
0.46249,0.46349
0.46349,0.46449
0.46449,0.46549
0.46549,0.46649
0.46649,0.46749
0.46749,0.46849
0.46849,0.46949
0.46949,0.47049
0.47049,0.47149
0.47149,0.47249
0.47249,0.47349
0.47349,0.47449
0.47449,0.47549
0.47549,0.47649
0.47649,0.47749
0.47749,0.47849
0.47849,0.47949
0.47949,0.48049
0.48049,0.48149
0.48149,0.48249
0.48249,0.48349
0.48349,0.48449
0.48449,0.48549
0.48549,0.48649
0.48649,0.48749
0.48749,0.48849
0.48849,0.48949
0.48949,0.49049
0.49049,0.49149
0.49149,0.49249
0.49249,0.49349
0.49349,0.49449
0.49449,0.49549
0.49549,0.49649
0.49649,0.49749
0.49749,0.49849
0.49849,0.49949
0.49949,0.50049
0.50049,0.50149
0.50149,0.50249
0.50249,0.50349
0.50349,0.50449
0.50449,0.50549
0.50549,0.50649
0.50649,0.50749
0.50749,0.50849
0.50849,0.50949
0.50949,0.51049
0.51049,0.51149
0.51149,0.51249
0.51249,0.51349
0.51349,0.51449
0.51449,0.51549
0.51549,0.51649
0.51649,0.51749
0.51749,0.51849
0.51849,0.51949
0.51949,0.52049
0.52049,0.52149
0.52149,0.52249
0.52249,0.52349
0.52349,0.52449
0.52449,0.52549
0.52549,0.52649
0.52649,0.52749
0.52749,0.52849
0.52849,0.52949
0.52949,0.53049
0.53049,0.53149
0.53149,0.53249
0.53249,0.53349
0.53349,0.53449
0.53449,0.53549
0.53549,0.53649
0.53649,0.53749
0.53749,0.53849
0.53849,0.53949
0.53949,0.54049
0.54049,0.54149
0.54149,0.54249
0.54249,0.54349
0.54349,0.54449
0.54449,0.54549
0.54549,0.54649
0.54649,0.54749
0.54749,0.54849
0.54849,0.54949
0.54949,0.55049
0.55049,0.55149
0.55149,0.55249
0.55249,0.55349
0.55349,0.55449
0.55449,0.55549
0.55549,0.55649
0.55649,0.55749
0.55749,0.55849
0.55849,0.55949
0.55949,0.56049
0.56049,0.56149
0.56149,0.56249
0.56249,0.56349
0.56349,0.56449
0.56449,0.56549
0.56549,0.56649
0.56649,0.56749
0.56749,0.56849
0.56849,0.56949
0.56949,0.57049
0.57049,0.57149
0.57149,0.57249
0.57249,0.57349
0.57349,0.57449
0.57449,0.57549
0.57549,0.57649
0.57649,0.57749
0.57749,0.57849
0.57849,0.57949
0.57949,0.58049
0.58049,0.58149
0.58149,0.58249
0.58249,0.58349
0.58349,0.58449
0.58449,0.58549
0.58549,0.58649
0.58649,0.58749
0.58749,0.58849
0.58849,0.58949
0.58949,0.59049
0.59049,0.59149
0.59149,0.59249
0.59249,0.59349
0.59349,0.59449
0.59449,0.59549
0.59549,0.59649
0.59649,0.59749
0.59749,0.59849
0.59849,0.59949
0.59949,0.60049
0.60049,0.60149
0.60149,0.60249
0.60249,0.60349
0.60349,0.60449
0.60449,0.60549
0.60549,0.60649
0.60649,0.60749
0.60749,0.60849
0.60849,0.60949
0.60949,0.61049
0.61049,0.61149
0.61149,0.61249
0.61249,0.61349
0.61349,0.61449
0.61449,0.61549
0.61549,0.61649
0.61649,0.61749
0.61749,0.61849
0.61849,0.61949
0.61949,0.62049
0.62049,0.62149
0.62149,0.62249
0.62249,0.62349
0.62349,0.62449
0.62449,0.62549
0.62549,0.62649
0.62649,0.62749
0.62749,0.62849
0.62849,0.62949
0.62949,0.63049
0.63049,0.63149
0.63149,0.63249
0.63249,0.63349
0.63349,0.63449
0.63449,0.63549
0.63549,0.63649
0.63649,0.63749
0.63749,0.63849
0.63849,0.63949
0.63949,0.64049
0.64049,0.64149
0.64149,0.64249
0.64249,0.64349
0.64349,0.64449
0.64449,0.64549
0.64549,0.64649
0.64649,0.64749
0.64749,0.64849
0.64849,0.64949
0.64949,0.65049
0.65049,0.65149
0.65149,0.65249
0.65249,0.65349
0.65349,0.65449
0.65449,0.65549
0.65549,0.65649
0.65649,0.65749
0.65749,0.65849
0.65849,0.65949
0.65949,0.66049
0.66049,0.66149
0.66149,0.66249
0.66249,0.66349
0.66349,0.66449
0.66449,0.66549
0.66549,0.66649
0.66649,0.66749
0.66749,0.66849
0.66849,0.66949
0.66949,0.67049
0.67049,0.67149
0.67149,0.67249
0.67249,0.67349
0.67349,0.67449
0.67449,0.67549
0.67549,0.67649
0.67649,0.67749
0.67749,0.67849
0.67849,0.67949
0.67949,0.68049
0.68049,0.68149
0.68149,0.68249
0.68249,0.68349
0.68349,0.68449
0.68449,0.68549
0.68549,0.68649
0.68649,0.68749
0.68749,0.68849
0.68849,0.68949
0.68949,0.69049
0.69049,0.69149
0.69149,0.69249
0.69249,0.69349
0.69349,0.69449
0.69449,0.69549
0.69549,0.69649
0.69649,0.69749
0.69749,0.69849
0.69849,0.69949
0.69949,0.70049
0.70049,0.70149
0.70149,0.70249
0.70249,0.70349
0.70349,0.70449
0.70449,0.70549
0.70549,0.70649
0.70649,0.70749
0.70749,0.70849
0.70849,0.70949
0.70949,0.71049
0.71049,0.71149
0.71149,0.71249
0.71249,0.71349
0.71349,0.71449
0.71449,0.71549
0.71549,0.71649
0.71649,0.71749
0.71749,0.71849
0.71849,0.71949
0.71949,0.72049
0.72049,0.72149
0.72149,0.72249
0.72249,0.72349
0.72349,0.72449
0.72449,0.72549
0.72549,0.72649
0.72649,0.72749
0.72749,0.72849
0.72849,0.72949
0.72949,0.73049
0.73049,0.73149
0.73149,0.73249
0.73249,0.73349
0.73349,0.73449
0.73449,0.73549
0.73549,0.73649
0.73649,0.73749
0.73749,0.73849
0.73849,0.73949
0.73949,0.74049
0.74049,0.74149
0.74149,0.74249
0.74249,0.74349
0.74349,0.74449
0.74449,0.74549
0.74549,0.74649
0.74649,0.74749
0.74749,0.74849
0.74849,0.74949
0.74949,0.75049
0.75049,0.75149
0.75149,0.75249
0.75249,0.75349
0.75349,0.75449
0.75449,0.75549
0.75549,0.75649
0.75649,0.75749
0.75749,0.75849
0.75849,0.75949
0.75949,0.76049
0.76049,0.76149
0.76149,0.76249
0.76249,0.76349
0.76349,0.76449
0.76449,0.76549
0.76549,0.76649
0.76649,0.76749
0.76749,0.76849
0.76849,0.76949
0.76949,0.77049
0.77049,0.77149
0.77149,0.77249
0.77249,0.77349
0.77349,0.77449
0.77449,0.77549
0.77549,0.77649
0.77649,0.77749
0.77749,0.77849
0.77849,0.77949
0.77949,0.78049
0.78049,0.78149
0.78149,0.78249
0.78249,0.78349
0.78349,0.78449
0.78449,0.78549
0.78549,0.78649
0.78649,0.78749
0.78749,0.78849
0.78849,0.78949
0.78949,0.79049
0.79049,0.79149
0.79149,0.79249
0.79249,0.79349
0.79349,0.79449
0.79449,0.79549
0.79549,0.79649
0.79649,0.79749
0.79749,0.79849
0.79849,0.79949
0.79949,0.80049
0.80049,0.80149
0.80149,0.80249
0.80249,0.80349
0.80349,0.80449
0.80449,0.80549
0.80549,0.80649
0.80649,0.80749
0.80749,0.80849
0.80849,0.80949
0.80949,0.81049
0.81049,0.81149
0.81149,0.81249
0.81249,0.81349
0.81349,0.81449
0.81449,0.81549
0.81549,0.81649
0.81649,0.81749
0.81749,0.81849
0.81849,0.81949
0.81949,0.82049
0.82049,0.82149
0.82149,0.82249
0.82249,0.82349
0.82349,0.82449
0.82449,0.82549
0.82549,0.82649
0.82649,0.82749
0.82749,0.82849
0.82849,0.82949
0.82949,0.83049
0.83049,0.83149
0.83149,0.83249
0.83249,0.83349
0.83349,0.83449
0.83449,0.83549
0.83549,0.83649
0.83649,0.83749
0.83749,0.83849
0.83849,0.83949
0.83949,0.84049
0.84049,0.84149
0.84149,0.84249
0.84249,0.84349
0.84349,0.84449
0.84449,0.84549
0.84549,0.84649
0.84649,0.84749
0.84749,0.84849
0.84849,0.84949
0.84949,0.85049
0.85049,0.85149
0.85149,0.85249
0.85249,0.85349
0.85349,0.85449
0.85449,0.85549
0.85549,0.85649
0.85649,0.85749
0.85749,0.85849
0.85849,0.85949
0.85949,0.86049
0.86049,0.86149
0.86149,0.86249
0.86249,0.86349
0.86349,0.86449
0.86449,0.86549
0.86549,0.86649
0.86649,0.86749
0.86749,0.86849
0.86849,0.86949
0.86949,0.87049
0.87049,0.87149
0.87149,0.87249
0.87249,0.87349
0.87349,0.87449
0.87449,0.87549
0.87549,0.87649
0.87649,0.87749
0.87749,0.87849
0.87849,0.87949
0.87949,0.88049
0.88049,0.88149
0.88149,0.88249
0.88249,0.88349
0.88349,0.88449
0.88449,0.88549
0.88549,0.88649
0.88649,0.88749
0.88749,0.88849
0.88849,0.88949
0.88949,0.89049
0.89049,0.89149
0.89149,0.89249
0.89249,0.89349
0.89349,0.89449
0.89449,0.89549
0.89549,0.89649
0.89649,0.89749
0.89749,0.89849
0.89849,0.89949
0.89949,0.90049
0.90049,0.90149
0.90149,0.90249
0.90249,0.90349
0.90349,0.90449
0.90449,0.90549
0.90549,0.90649
0.90649,0.90749
0.90749,0.90849
0.90849,0.90949
0.90949,0.91049
0.91049,0.91149
0.91149,0.91249
0.91249,0.91349
0.91349,0.91449
0.91449,0.91549
0.91549,0.91649
0.91649,0.91749
0.91749,0.91849
0.91849,0.91949
0.91949,0.92049
0.92049,0.92149
0.92149,0.92249
0.92249,0.92349
0.92349,0.92449
0.92449,0.92549
0.92549,0.92649
0.92649,0.92749
0.92749,0.92849
0.92849,0.92949
0.92949,0.93049
0.93049,0.93149
0.93149,0.93249
0.93249,0.93349
0.93349,0.93449
0.93449,0.93549
0.93549,0.93649
0.93649,0.93749
0.93749,0.93849
0.93849,0.93949
0.93949,0.94049
0.94049,0.94149
0.94149,0.94249
0.94249,0.94349
0.94349,0.94449
0.94449,0.94549
0.94549,0.94649
0.94649,0.94749
0.94749,0.94849
0.94849,0.94949
0.94949,0.95049
0.95049,0.95149
0.95149,0.95249
0.95249,0.95349
0.95349,0.95449
0.95449,0.95549
0.95549,0.95649
0.95649,0.95749
0.95749,0.95849
0.95849,0.95949
0.95949,0.96049
0.96049,0.96149
0.96149,0.96249
0.96249,0.96349
0.96349,0.96449
0.96449,0.96549
0.96549,0.96649
0.96649,0.96749
0.96749,0.96849
0.96849,0.96949
0.96949,0.97049
0.97049,0.97149
0.97149,0.97249
0.97249,0.97349
0.97349,0.97449
0.97449,0.97549
0.97549,0.97649
0.97649,0.97749
0.97749,0.97849
0.97849,0.97949
0.97949,0.98049
0.98049,0.98149
0.98149,0.98249
0.98249,0.98349
0.98349,0.98449
0.98449,0.98549
0.98549,0.98649
0.98649,0.98749
0.98749,0.98849
0.98849,0.98949
0.98949,0.99049
0.99049,0.99149
0.99149,0.99249
0.99249,0.99349
0.99349,0.99449
0.99449,0.99549
0.99549,0.99649
0.99649,0.99749
0.99749,0.99849
0.99849,0.99949
0.99949,1.00049
1.00049,1.00149
1.00149,1.00249
1.00249,1.00349
1.00349,1.00449
1.00449,1.00549
1.00549,1.00649
1.00649,1.00749
1.00749,1.00849
1.00849,1.00949
1.00949,1.01049
1.01049,1.01149
1.01149,1.01249
1.01249,1.01349
1.01349,1.01449
1.01449,1.01549
1.01549,1.01649
1.01649,1.01749
1.01749,1.01849
1.01849,1.01949
1.01949,1.02049
1.02049,1.02149
1.02149,1.02249
1.02249,1.02349
1.02349,1.02449
1.02449,1.02549
1.02549,1.02649
1.02649,1.02749
1.02749,1.02849
1.02849,1.02949
1.02949,1.03049
1.03049,1.03149
1.03149,1.03249
1.03249,1.03349
1.03349,1.03449
1.03449,1.03549
1.03549,1.03649
1.03649,1.03749
1.03749,1.03849
1.03849,1.03949
1.03949,1.04049
1.04049,1.04149
1.04149,1.04249
1.04249,1.04349
1.04349,1.04449
1.04449,1.04549
1.04549,1.04649
1.04649,1.04749
1.04749,1.04849
1.04849,1.04949
1.04949,1.05049
1.05049,1.05149
1.05149,1.05249
1.05249,1.05349
1.05349,1.05449
1.05449,1.05549
1.05549,1.05649
1.05649,1.05749
1.05749,1.05849
1.05849,1.05949
1.05949,1.06049
1.06049,1.06149
1.06149,1.06249
1.06249,1.06349
1.06349,1.06449
1.06449,1.06549
1.06549,1.06649
1.06649,1.06749
1.06749,1.06849
1.06849,1.06949
1.06949,1.07049
1.07049,1.07149
1.07149,1.07249
1.07249,1.07349
1.07349,1.07449
1.07449,1.07549
1.07549,1.07649
1.07649,1.07749
1.07749,1.07849
1.07849,1.07949
1.07949,1.08049
1.08049,1.08149
1.08149,1.08249
1.08249,1.08349
1.08349,1.08449
1.08449,1.08549
1.08549,1.08649
1.08649,1.08749
1.08749,1.08849
1.08849,1.08949
1.08949,1.09049
1.09049,1.09149
1.09149,1.09249
1.09249,1.09349
1.09349,1.09449
1.09449,1.09549
1.09549,1.09649
1.09649,1.09749
1.09749,1.09849
1.09849,1.09949
1.09949,1.10049
1.10049,1.10149
1.10149,1.10249
1.10249,1.10349
1.10349,1.10449
1.10449,1.10549
1.10549,1.10649
1.10649,1.10749
1.10749,1.10849
1.10849,1.10949
1.10949,1.11049
1.11049,1.11149
1.11149,1.11249
1.11249,1.11349
1.11349,1.11449
1.11449,1.11549
1.11549,1.11649
1.11649,1.11749
1.11749,1.11849
1.11849,1.11949
1.11949,1.12049
1.12049,1.12149
1.12149,1.12249
1.12249,1.12349
1.12349,1.12449
1.12449,1.12549
1.12549,1.12649
1.12649,1.12749
1.12749,1.12849
1.12849,1.12949
1.12949,1.13049
1.13049,1.13149
1.13149,1.13249
1.13249,1.13349
1.13349,1.13449
1.13449,1.13549
1.13549,1.13649
1.13649,1.13749
1.13749,1.13849
1.13849,1.13949
1.13949,1.14049
1.14049,1.14149
1.14149,1.14249
1.14249,1.14349
1.14349,1.14449
1.14449,1.14549
1.14549,1.14649
1.14649,1.14749
1.14749,1.14849
1.14849,1.14949
1.14949,1.15049
1.15049,1.15149
1.15149,1.15249
1.15249,1.15349
1.15349,1.15449
1.15449,1.15549
1.15549,1.15649
1.15649,1.15749
1.15749,1.15849
1.15849,1.15949
1.15949,1.16049
1.16049,1.16149
1.16149,1.16249
1.16249,1.16349
1.16349,1.16449
1.16449,1.16549
1.16549,1.16649
1.16649,1.16749
1.16749,1.16849
1.16849,1.16949
1.16949,1.17049
1.17049,1.17149
1.17149,1.17249
1.17249,1.17349
1.17349,1.17449
1.17449,1.17549
1.17549,1.17649
1.17649,1.17749
1.17749,1.17849
1.17849,1.17949
1.17949,1.18049
1.18049,1.18149
1.18149,1.18249
1.18249,1.18349
1.18349,1.18449
1.18449,1.18549
1.18549,1.18649
1.18649,1.18749
1.18749,1.18849
1.18849,1.18949
1.18949,1.19049
1.19049,1.19149
1.19149,1.19249
1.19249,1.19349
1.19349,1.19449
1.19449,1.19549
1.19549,1.19649
1.19649,1.19749
1.19749,1.19849
1.19849,1.19949
1.19949,1.20049
1.20049,1.20149
1.20149,1.20249
1.20249,1.20349
1.20349,1.20449
1.20449,1.20549
1.20549,1.20649
1.20649,1.20749
1.20749,1.20849
1.20849,1.20949
1.20949,1.21049
1.21049,1.21149
1.21149,1.21249
1.21249,1.21349
1.21349,1.21449
1.21449,1.21549
1.21549,1.21649
1.21649,1.21749
1.21749,1.21849
1.21849,1.21949
1.21949,1.22049
1.22049,1.22149
1.22149,1.22249
1.22249,1.22349
1.22349,1.22449
1.22449,1.22549
1.22549,1.22649
1.22649,1.22749
1.22749,1.22849
1.22849,1.22949
1.22949,1.23049
1.23049,1.23149
1.23149,1.23249
1.23249,1.23349
1.23349,1.23449
1.23449,1.23549
1.23549,1.23649
1.23649,1.23749
1.23749,1.23849
1.23849,1.23949
1.23949,1.24049
1.24049,1.24149
1.24149,1.24249
1.24249,1.24349
1.24349,1.24449
1.24449,1.24549
1.24549,1.24649
1.24649,1.24749
1.24749,1.24849
1.24849,1.24949
1.24949,1.25049
1.25049,1.25149
1.25149,1.25249
1.25249,1.25349
1.25349,1.25449
1.25449,1.25549
1.25549,1.25649
1.25649,1.25749
1.25749,1.25849
1.25849,1.25949
1.25949,1.26049
1.26049,1.26149
1.26149,1.26249
1.26249,1.26349
1.26349,1.26449
1.26449,1.26549
1.26549,1.26649
1.26649,1.26749
1.26749,1.26849
1.26849,1.26949
1.26949,1.27049
1.27049,1.27149
1.27149,1.27249
1.27249,1.27349
1.27349,1.27449
1.27449,1.27549
1.27549,1.27649
1.27649,1.27749
1.27749,1.27849
1.27849,1.27949
1.27949,1.28049
1.28049,1.28149
1.28149,1.28249
1.28249,1.28349
1.28349,1.28449
1.28449,1.28549
1.28549,1.28649
1.28649,1.28749
1.28749,1.28849
1.28849,1.28949
1.28949,1.29049
1.29049,1.29149
1.29149,1.29249
1.29249,1.29349
1.29349,1.29449
1.29449,1.29549
1.29549,1.29649
1.29649,1.29749
1.29749,1.29849
1.29849,1.29949
1.29949,1.30049
1.30049,1.30149
1.30149,1.30249
1.30249,1.30349
1.30349,1.30449
1.30449,1.30549
1.30549,1.30649
1.30649,1.30749
1.30749,1.30849
1.30849,1.30949
1.30949,1.31049
1.31049,1.31149
1.31149,1.31249
1.31249,1.31349
1.31349,1.31449
1.31449,1.31549
1.31549,1.31649
1.31649,1.31749
1.31749,1.31849
1.31849,1.31949
1.31949,1.32049
1.32049,1.32149
1.32149,1.32249
1.32249,1.32349
1.32349,1.32449
1.32449,1.32549
1.32549,1.32649
1.32649,1.32749
1.32749,1.32849
1.32849,1.32949
1.32949,1.33049
1.33049,1.33149
1.33149,1.33249
1.33249,1.33349
1.33349,1.33449
1.33449,1.33549
1.33549,1.33649
1.33649,1.33749
1.33749,1.33849
1.33849,1.33949
1.33949,1.34049
1.34049,1.34149
1.34149,1.34249
1.34249,1.34349
1.34349,1.34449
1.34449,1.34549
1.34549,1.34649
1.34649,1.34749
1.34749,1.34849
1.34849,1.34949
1.34949,1.35049
1.35049,1.35149
1.35149,1.35249
1.35249,1.35349
1.35349,1.35449
1.35449,1.35549
1.35549,1.35649
1.35649,1.35749
1.35749,1.35849
1.35849,1.35949
1.35949,1.36049
1.36049,1.36149
1.36149,1.36249
1.36249,1.36349
1.36349,1.36449
1.36449,1.36549
1.36549,1.36649
1.36649,1.36749
1.36749,1.36849
1.36849,1.36949
1.36949,1.37049
1.37049,1.37149
1.37149,1.37249
1.37249,1.37349
1.37349,1.37449
1.37449,1.37549
1.37549,1.37649
1.37649,1.37749
1.37749,1.37849
1.37849,1.37949
1.37949,1.38049
1.38049,1.38149
1.38149,1.38249
1.38249,1.38349
1.38349,1.38449
1.38449,1.38549
1.38549,1.38649
1.38649,1.38749
1.38749,1.38849
1.38849,1.38949
1.38949,1.39049
1.39049,1.39149
1.39149,1.39249
1.39249,1.39349
1.39349,1.39449
1.39449,1.39549
1.39549,1.39649
1.39649,1.39749
1.39749,1.39849
1.39849,1.39949
1.39949,1.40049
1.40049,1.40149
1.40149,1.40249
1.40249,1.40349
1.40349,1.40449
1.40449,1.40549
1.40549,1.40649
1.40649,1.40749
1.40749,1.40849
1.40849,1.40949
1.40949,1.41049
1.41049,1.41149
1.41149,1.41249
1.41249,1.41349
1.41349,1.41449
1.41449,1.41549
1.41549,1.41649
1.41649,1.41749
1.41749,1.41849
1.41849,1.41949
1.41949,1.42049
1.42049,1.42149
1.42149,1.42249
1.42249,1.42349
1.42349,1.42449
1.42449,1.42549
1.42549,1.42649
1.42649,1.42749
1.42749,1.42849
1.42849,1.42949
1.42949,1.43049
1.43049,1.43149
1.43149,1.43249
1.43249,1.43349
1.43349,1.43449
1.43449,1.43549
1.43549,1.43649
1.43649,1.43749
1.43749,1.43849
1.43849,1.43949
1.43949,1.44049
1.44049,1.44149
1.44149,1.44249
1.44249,1.44349
1.44349,1.44449
1.44449,1.44549
1.44549,1.44649
1.44649,1.44749
1.44749,1.44849
1.44849,1.44949
1.44949,1.45049
1.45049,1.45149
1.45149,1.45249
1.45249,1.45349
1.45349,1.45449
1.45449,1.45549
1.45549,1.45649
1.45649,1.45749
1.45749,1.45849
1.45849,1.45949
1.45949,1.46049
1.46049,1.46149
1.46149,1.46249
1.46249,1.46349
1.46349,1.46449
1.46449,1.46549
1.46549,1.46649
1.46649,1.46749
1.46749,1.46849
1.46849,1.46949
1.46949,1.47049
1.47049,1.47149
1.47149,1.47249
1.47249,1.47349
1.47349,1.47449
1.47449,1.47549
1.47549,1.47649
1.47649,1.47749
1.47749,1.47849
1.47849,1.47949
1.47949,1.48049
1.48049,1.48149
1.48149,1.48249
1.48249,1.48349
1.48349,1.48449
1.48449,1.48549
1.48549,1.48649
1.48649,1.48749
1.48749,1.48849
1.48849,1.48949
1.48949,1.49049
1.49049,1.49149
1.49149,1.49249
1.49249,1.49349
1.49349,1.49449
1.49449,1.49549
1.49549,1.49649
1.49649,1.49749
1.49749,1.49849
1.49849,1.49949
1.49949,1.50049
1.50049,1.50149
1.50149,1.50249
1.50249,1.50349
1.50349,1.50449
1.50449,1.50549
1.50549,1.50649
1.50649,1.50749
1.50749,1.50849
1.50849,1.50949
1.50949,1.51049
1.51049,1.51149
1.51149,1.51249
1.51249,1.51349
1.51349,1.51449
1.51449,1.51549
1.51549,1.51649
1.51649,1.51749
1.51749,1.51849
1.51849,1.51949
1.51949,1.52049
1.52049,1.52149
1.52149,1.52249
1.52249,1.52349
1.52349,1.52449
1.52449,1.52549
1.52549,1.52649
1.52649,1.52749
1.52749,1.52849
1.52849,1.52949
1.52949,1.53049
1.53049,1.53149
1.53149,1.53249
1.53249,1.53349
1.53349,1.53449
1.53449,1.53549
1.53549,1.53649
1.53649,1.53749
1.53749,1.53849
1.53849,1.53949
1.53949,1.54049
1.54049,1.54149
1.54149,1.54249
1.54249,1.54349
1.54349,1.54449
1.54449,1.54549
1.54549,1.54649
1.54649,1.54749
1.54749,1.54849
1.54849,1.54949
1.54949,1.55049
1.55049,1.55149
1.55149,1.55249
1.55249,1.55349
1.55349,1.55449
1.55449,1.55549
1.55549,1.55649
1.55649,1.55749
1.55749,1.55849
1.55849,1.55949
1.55949,1.56049
1.56049,1.56149
1.56149,1.56249
1.56249,1.56349
1.56349,1.56449
1.56449,1.56549
1.56549,1.56649
1.56649,1.56749
1.56749,1.56849
1.56849,1.56949
1.56949,1.57049
1.57049,1.57149
1.57149,1.57249
1.57249,1.57349
1.57349,1.57449
1.57449,1.57549
1.57549,1.57649
1.57649,1.57749
1.57749,1.57849
1.57849,1.57949
1.57949,1.58049
1.58049,1.58149
1.58149,1.58249
1.58249,1.58349
1.58349,1.58449
1.58449,1.58549
1.58549,1.58649
1.58649,1.58749
1.58749,1.58849
1.58849,1.58949
1.58949,1.59049
1.59049,1.59149
1.59149,1.59249
1.59249,1.59349
1.59349,1.59449
1.59449,1.59549
1.59549,1.59649
1.59649,1.59749
1.59749,1.59849
1.59849,1.59949
1.59949,1.60049
1.60049,1.60149
1.60149,1.60249
1.60249,1.60349
1.60349,1.60449
1.60449,1.60549
1.60549,1.60649
1.60649,1.60749
1.60749,1.60849
1.60849,1.60949
1.60949,1.61049
1.61049,1.61149
1.61149,1.61249
1.61249,1.61349
1.61349,1.61449
1.61449,1.61549
1.61549,1.61649
1.61649,1.61749
1.61749,1.61849
1.61849,1.61949
1.61949,1.62049
1.62049,1.62149
1.62149,1.62249
1.62249,1.62349
1.62349,1.62449
1.62449,1.62549
1.62549,1.62649
1.62649,1.62749
1.62749,1.62849
1.62849,1.62949
1.62949,1.63049
1.63049,1.63149
1.63149,1.63249
1.63249,1.63349
1.63349,1.63449
1.63449,1.63549
1.63549,1.63649
1.63649,1.63749
1.63749,1.63849
1.63849,1.63949
1.63949,1.64049
1.64049,1.64149
1.64149,1.64249
1.64249,1.64349
1.64349,1.64449
1.64449,1.64549
1.64549,1.64649
1.64649,1.64749
1.64749,1.64849
1.64849,1.64949
1.64949,1.65049
1.65049,1.65149
1.65149,1.65249
1.65249,1.65349
1.65349,1.65449
1.65449,1.65549
1.65549,1.65649
1.65649,1.65749
1.65749,1.65849
1.65849,1.65949
1.65949,1.66049
1.66049,1.66149
1.66149,1.66249
1.66249,1.66349
1.66349,1.66449
1.66449,1.66549
1.66549,1.66649
1.66649,1.66749
1.66749,1.66849
1.66849,1.66949
1.66949,1.67049
1.67049,1.67149
1.67149,1.67249
1.67249,1.67349
1.67349,1.67449
1.67449,1.67549
1.67549,1.67649
1.67649,1.67749
1.67749,1.67849
1.67849,1.67949
1.67949,1.68049
1.68049,1.68149
1.68149,1.68249
1.68249,1.68349
1.68349,1.68449
1.68449,1.68549
1.68549,1.68649
1.68649,1.68749
1.68749,1.68849
1.68849,1.68949
1.68949,1.69049
1.69049,1.69149
1.69149,1.69249
1.69249,1.69349
1.69349,1.69449
1.69449,1.69549
1.69549,1.69649
1.69649,1.69749
1.69749,1.69849
1.69849,1.69949
1.69949,1.70049
1.70049,1.70149
1.70149,1.70249
1.70249,1.70349
1.70349,1.70449
1.70449,1.70549
1.70549,1.70649
1.70649,1.70749
1.70749,1.70849
1.70849,1.70949
1.70949,1.71049
1.71049,1.71149
1.71149,1.71249
1.71249,1.71349
1.71349,1.71449
1.71449,1.71549
1.71549,1.71649
1.71649,1.71749
1.71749,1.71849
1.71849,1.71949
1.71949,1.72049
1.72049,1.72149
1.72149,1.72249
1.72249,1.72349
1.72349,1.72449
1.72449,1.72549
1.72549,1.72649
1.72649,1.72749
1.72749,1.72849
1.72849,1.72949
1.72949,1.73049
1.73049,1.73149
1.73149,1.73249
1.73249,1.73349
1.73349,1.73449
1.73449,1.73549
1.73549,1.73649
1.73649,1.73749
1.73749,1.73849
1.73849,1.73949
1.73949,1.74049
1.74049,1.74149
1.74149,1.74249
1.74249,1.74349
1.74349,1.74449
1.74449,1.74549
1.74549,1.74649
1.74649,1.74749
1.74749,1.74849
1.74849,1.74949
1.74949,1.75049
1.75049,1.75149
1.75149,1.75249
1.75249,1.75349
1.75349,1.75449
1.75449,1.75549
1.75549,1.75649
1.75649,1.75749
1.75749,1.75849
1.75849,1.75949
1.75949,1.76049
1.76049,1.76149
1.76149,1.76249
1.76249,1.76349
1.76349,1.76449
1.76449,1.76549
1.76549,1.76649
1.76649,1.76749
1.76749,1.76849
1.76849,1.76949
1.76949,1.77049
1.77049,1.77149
1.77149,1.77249
1.77249,1.77349
1.77349,1.77449
1.77449,1.77549
1.77549,1.77649
1.77649,1.77749
1.77749,1.77849
1.77849,1.77949
1.77949,1.78049
1.78049,1.78149
1.78149,1.78249
1.78249,1.78349
1.78349,1.78449
1.78449,1.78549
1.78549,1.78649
1.78649,1.78749
1.78749,1.78849
1.78849,1.78949
1.78949,1.79049
1.79049,1.79149
1.79149,1.79249
1.79249,1.79349
1.79349,1.79449
1.79449,1.79549
1.79549,1.79649
1.79649,1.79749
1.79749,1.79849
1.79849,1.79949
1.79949,1.80049
1.80049,1.80149
1.80149,1.80249
1.80249,1.80349
1.80349,1.80449
1.80449,1.80549
1.80549,1.80649
1.80649,1.80749
1.80749,1.80849
1.80849,1.80949
1.80949,1.81049
1.81049,1.81149
1.81149,1.81249
1.81249,1.81349
1.81349,1.81449
1.81449,1.81549
1.81549,1.81649
1.81649,1.81749
1.81749,1.81849
1.81849,1.81949
1.81949,1.82049
1.82049,1.82149
1.82149,1.82249
1.82249,1.82349
1.82349,1.82449
1.82449,1.82549
1.82549,1.82649
1.82649,1.82749
1.82749,1.82849
1.82849,1.82949
1.82949,1.83049
1.83049,1.83149
1.83149,1.83249
1.83249,1.83349
1.83349,1.83449
1.83449,1.83549
1.83549,1.83649
1.83649,1.83749
1.83749,1.83849
1.83849,1.83949
1.83949,1.84049
1.84049,1.84149
1.84149,1.84249
1.84249,1.84349
1.84349,1.84449
1.84449,1.84549
1.84549,1.84649
1.84649,1.84749
1.84749,1.84849
1.84849,1.84949
1.84949,1.85049
1.85049,1.85149
1.85149,1.85249
1.85249,1.85349
1.85349,1.85449
1.85449,1.85549
1.85549,1.85649
1.85649,1.85749
1.85749,1.85849
1.85849,1.85949
1.85949,1.86049
1.86049,1.86149
1.86149,1.86249
1.86249,1.86349
1.86349,1.86449
1.86449,1.86549
1.86549,1.86649
1.86649,1.86749
1.86749,1.86849
1.86849,1.86949
1.86949,1.87049
1.87049,1.87149
1.87149,1.87249
1.87249,1.87349
1.87349,1.87449
1.87449,1.87549
1.87549,1.87649
1.87649,1.87749
1.87749,1.87849
1.87849,1.87949
1.87949,1.88049
1.88049,1.88149
1.88149,1.88249
1.88249,1.88349
1.88349,1.88449
1.88449,1.88549
1.88549,1.88649
1.88649,1.88749
1.88749,1.88849
1.88849,1.88949
1.88949,1.89049
1.89049,1.89149
1.89149,1.89249
1.89249,1.89349
1.89349,1.89449
1.89449,1.89549
1.89549,1.89649
1.89649,1.89749
1.89749,1.89849
1.89849,1.89949
1.89949,1.90049
1.90049,1.90149
1.90149,1.90249
1.90249,1.90349
1.90349,1.90449
1.90449,1.90549
1.90549,1.90649
1.90649,1.90749
1.90749,1.90849
1.90849,1.90949
1.90949,1.91049
1.91049,1.91149
1.91149,1.91249
1.91249,1.91349
1.91349,1.91449
1.91449,1.91549
1.91549,1.91649
1.91649,1.91749
1.91749,1.91849
1.91849,1.91949
1.91949,1.92049
1.92049,1.92149
1.92149,1.92249
1.92249,1.92349
1.92349,1.92449
1.92449,1.92549
1.92549,1.92649
1.92649,1.92749
1.92749,1.92849
1.92849,1.92949
1.92949,1.93049
1.93049,1.93149
1.93149,1.93249
1.93249,1.93349
1.93349,1.93449
1.93449,1.93549
1.93549,1.93649
1.93649,1.93749
1.93749,1.93849
1.93849,1.93949
1.93949,1.94049
1.94049,1.94149
1.94149,1.94249
1.94249,1.94349
1.94349,1.94449
1.94449,1.94549
1.94549,1.94649
1.94649,1.94749
1.94749,1.94849
1.94849,1.94949
1.94949,1.95049
1.95049,1.95149
1.95149,1.95249
1.95249,1.95349
1.95349,1.95449
1.95449,1.95549
1.95549,1.95649
1.95649,1.95749
1.95749,1.95849
1.95849,1.95949
1.95949,1.96049
1.96049,1.96149
1.96149,1.96249
1.96249,1.96349
1.96349,1.96449
1.96449,1.96549
1.96549,1.96649
1.96649,1.96749
1.96749,1.96849
1.96849,1.96949
1.96949,1.97049
1.97049,1.97149
1.97149,1.97249
1.97249,1.97349
1.97349,1.97449
1.97449,1.97549
1.97549,1.97649
1.97649,1.97749
1.97749,1.97849
1.97849,1.97949
1.97949,1.98049
1.98049,1.98149
1.98149,1.98249
1.98249,1.98349
1.98349,1.98449
1.98449,1.98549
1.98549,1.98649
1.98649,1.98749
1.98749,1.98849
1.98849,1.98949
1.98949,1.99049
1.99049,1.99149
1.99149,1.99249
1.99249,1.99349
1.99349,1.99449
1.99449,1.99549
1.99549,1.99649
1.99649,1.99749
1.99749,1.99849
1.99849,1.99949
1.99949,2.00049
2.00049,2.00149
